{"3,delays": 0.08299723791331053, "3,delays and amps": 0.5422052406787873, "1,delays and amps": 0.7487703057130178, "2,delays and amps": 0.11645393247405687, "5,delays": 0.4535080174148083, "6,delays": 0.0689656641514351, "2,delays": 0.4454966017178127, "10,delays": 0.05776347328697642, "curriculum 0": 0.12990320546570705, "curriculum 1": 0.12498861649259925, "curriculum 2": 0.2458034469112754}